カードID,ocha_product_id,カード名,追加情報,レアリティ,型番,タイプ,パックコード,レギュレーションブロック,フォーマット,買取価格,人気カード,カテゴリ,表示カテゴリ,最終更新日時,レアリティ優先度,パック名,画像URL
792803378,7265,ブラッキー☆,未開封,-,026/PLAY,悪,その他,P,エクストラ,12000000,True,,エクストラ,2025-12-14T11:45:12.998+09:00,30,,https://files.cardrush.media/pokemon/ocha_products/7265.webp
792803379,7692,ブラッキー☆,,-,026/PLAY,悪,その他,P,エクストラ,9000000,False,,エクストラ,2025-12-14T11:45:12.998+09:00,30,,https://files.cardrush.media/pokemon/ocha_products/7692.webp
792803369,7266,エーフィ☆,未開封,-,025/PLAY,超,その他,P,エクストラ,6000000,True,,エクストラ,2025-12-14T11:45:12.998+09:00,30,,https://files.cardrush.media/pokemon/ocha_products/7266.webp
792803370,7691,エーフィ☆,,-,025/PLAY,超,その他,P,エクストラ,4500000,False,,エクストラ,2025-12-14T11:45:12.998+09:00,30,,https://files.cardrush.media/pokemon/ocha_products/7691.webp
792802441,20327,イーブイ,未開封/乱戦！ポケモンスクランブル,-,019/016,無,,,エクストラ,4000000,True,,エクストラ,2025-12-14T11:45:12.998+09:00,30,,https://files.cardrush.media/pokemon/ocha_products/20327.webp
792803951,21981,チャンピオンズリーグ,2007,P,-,スタジアム,その他,EX,エクストラ,4000000,False,,エクストラ,2025-12-14T11:45:12.998+09:00,70,,https://files.cardrush.media/pokemon/ocha_products/21981.webp
792803921,1685,ロイヤルマスク,SR仕様,P,085/SM-P,サポート,その他,A,エクストラ,3800000,False,,エクストラ,2025-12-14T11:45:12.998+09:00,199,,https://files.cardrush.media/pokemon/ocha_products/1685.webp
792803388,5669,レックウザ☆,1ED,☆,067/082,無,その他,OLDP,エクストラ,3000000,True,,エクストラ,2025-12-14T11:45:12.998+09:00,10,,https://files.cardrush.media/pokemon/ocha_products/5669.webp
792803895,771,ゼクロムGX,HR仕様,P,240/SM-P,雷,その他,B,エクストラ,2500000,False,,エクストラ,2025-12-14T11:45:12.998+09:00,239,,https://files.cardrush.media/pokemon/ocha_products/771.webp
792803952,21982,チャンピオンズリーグ,2005,P,-,スタジアム,その他,EX,エクストラ,2500000,False,,エクストラ,2025-12-14T11:45:12.998+09:00,70,,https://files.cardrush.media/pokemon/ocha_products/21982.webp
795519154,6539,レックウザEX+ギラティナEX,未開封,P,145/BW-P,竜,,,エクストラ,2500000,True,,エクストラ,2025-12-14T11:45:12.998+09:00,70,,https://files.cardrush.media/pokemon/ocha_products/6539.webp
792802777,14719,マリオピカチュウ,未開封,P,294/XY-P,雷,その他,PIKA,エクストラ,2100000,True,,エクストラ,2025-12-14T11:45:12.998+09:00,70,,https://files.cardrush.media/pokemon/ocha_products/14719.webp
792802884,4950,ピカチュウ,イベントオーガナイザー版,P,175/XY-P,雷,その他,PIKA,エクストラ,2000000,False,,エクストラ,2025-12-14T11:45:12.998+09:00,70,,https://files.cardrush.media/pokemon/ocha_products/4950.webp
792803309,5649,ひかるリザードン,,-,旧裏,炎,その他,OLDP,エクストラ,2000000,False,,エクストラ,2025-12-14T11:45:12.998+09:00,30,,https://files.cardrush.media/pokemon/ocha_products/5649.webp
792803312,5647,ひかるコイキング,ファンクラブ,-,旧裏,水,その他,OLDP,エクストラ,2000000,False,,エクストラ,2025-12-14T11:45:12.998+09:00,30,,https://files.cardrush.media/pokemon/ocha_products/5647.webp
792803320,6165,リザードン,1ED/クリスタルタイプ,☆,089/088,無,その他,OLDP,エクストラ,2000000,False,,エクストラ,2025-12-14T11:45:12.998+09:00,10,,https://files.cardrush.media/pokemon/ocha_products/6165.webp
792803389,7746,レックウザ☆,アンリミ,☆,067/082,無,その他,OLDP,エクストラ,2000000,True,,エクストラ,2025-12-14T11:45:12.998+09:00,10,,https://files.cardrush.media/pokemon/ocha_products/7746.webp
792802882,1148,ピカチュウ,20thアニバーサリー,P,279/XY-P,雷,その他,PIKA,エクストラ,1800000,False,,エクストラ,2025-12-14T11:45:12.998+09:00,70,,https://files.cardrush.media/pokemon/ocha_products/1148.webp
792803392,5258,リザードン☆δ-デルタ種,1ED,★,052/068,悪,その他,OLDP,エクストラ,1800000,False,,エクストラ,2025-12-14T11:45:12.998+09:00,10,,https://files.cardrush.media/pokemon/ocha_products/5258.webp
792802792,14717,ポンチョを着たピカチュウ,未開封,P,230/XY-P,雷,その他,PIKA,エクストラ,1750000,False,,エクストラ,2025-12-14T11:45:12.998+09:00,70,,https://files.cardrush.media/pokemon/ocha_products/14717.webp
792803084,22456,夏ポケカ,未開封/ブースターVMAX/シャワーズVMAX/サンダースVMAX/SA,P,186/S-P+187/S-P+188/S-P,炎,その他,E,スタンダード,1750000,True,,スタンダード,2025-12-14T11:45:12.998+09:00,300,,https://files.cardrush.media/pokemon/ocha_products/22456.webp
792802796,14713,ギャラドスごっこピカチュウ,未開封,P,151/XY-P,雷,その他,PIKA,エクストラ,1600000,False,,エクストラ,2025-12-14T11:45:12.998+09:00,70,,https://files.cardrush.media/pokemon/ocha_products/14713.webp
792803085,43327,夏ポケカ,開封済/ブースターVMAX/シャワーズVMAX/サンダースVMAX/SA,P,186/S-P+187/S-P+188/S-P,炎,,E,スタンダード,1600000,False,,スタンダード,2025-12-14T11:45:12.998+09:00,300,,https://files.cardrush.media/pokemon/ocha_products/43327.webp
792802778,10,マリオピカチュウ,,P,294/XY-P,雷,その他,PIKA,エクストラ,1500000,True,,エクストラ,2025-12-14T11:45:12.998+09:00,70,,https://files.cardrush.media/pokemon/ocha_products/10.webp
792803321,6166,リザードン,アンリミ/クリスタルタイプ,☆,089/088,無,その他,OLDP,エクストラ,1500000,False,,エクストラ,2025-12-14T11:45:12.998+09:00,10,,https://files.cardrush.media/pokemon/ocha_products/6166.webp
792803922,6159,アセロラ,SR仕様,P,395/SM-P,サポート,その他,A,エクストラ,1500000,False,,エクストラ,2025-12-14T11:45:12.998+09:00,199,,https://files.cardrush.media/pokemon/ocha_products/6159.webp
795519155,3721,レックウザEX,,P,145/BW-P,竜,その他,OLDP,エクストラ,1500000,True,,エクストラ,2025-12-14T11:45:12.998+09:00,70,,https://files.cardrush.media/pokemon/ocha_products/3721.webp
792802780,14720,ルイージピカチュウ,未開封,P,296/XY-P,雷,その他,PIKA,エクストラ,1300000,True,,エクストラ,2025-12-14T11:45:12.998+09:00,70,,https://files.cardrush.media/pokemon/ocha_products/14720.webp
792803342,6284,アチャモ☆,1ED,☆,020/084,炎,その他,OLDP,エクストラ,1300000,True,,エクストラ,2025-12-14T11:45:12.998+09:00,10,,https://files.cardrush.media/pokemon/ocha_products/6284.webp
792803896,5093,ミュウツーGX,HR仕様,P,364/SM-P,超,その他,C,エクストラ,1300000,True,,エクストラ,2025-12-14T11:45:12.998+09:00,239,,https://files.cardrush.media/pokemon/ocha_products/5093.webp
792802788,14715,ポンチョを着たピカチュウ,未開封,P,207/XY-P,雷,その他,PIKA,エクストラ,1250000,False,,エクストラ,2025-12-14T11:45:12.998+09:00,70,,https://files.cardrush.media/pokemon/ocha_products/14715.webp
792803344,6550,ブースター☆,未開封,-,024/PLAY,炎,その他,P,エクストラ,1250000,True,,エクストラ,2025-12-14T11:45:12.998+09:00,30,,https://files.cardrush.media/pokemon/ocha_products/6550.webp
792803393,6164,リザードン☆δ-デルタ種,アンリミ,★,052/068,悪,その他,OLDP,エクストラ,1200000,False,,エクストラ,2025-12-14T11:45:12.998+09:00,10,,https://files.cardrush.media/pokemon/ocha_products/6164.webp
792802787,1422,ポンチョを着たピカチュウ,,P,207/XY-P,雷,その他,PIKA,エクストラ,1100000,False,,エクストラ,2025-12-14T11:45:12.998+09:00,70,,https://files.cardrush.media/pokemon/ocha_products/1422.webp
792803338,6579,キモリ☆,1ED,☆,011/084,草,その他,OLDP,エクストラ,1100000,True,,エクストラ,2025-12-14T11:45:12.998+09:00,10,,https://files.cardrush.media/pokemon/ocha_products/6579.webp
792803343,6283,アチャモ☆,アンリミ,☆,020/084,炎,その他,OLDP,エクストラ,1100000,True,,エクストラ,2025-12-14T11:45:12.998+09:00,10,,https://files.cardrush.media/pokemon/ocha_products/6283.webp
792803354,6581,ミズゴロウ☆,1ED,☆,033/084,水,その他,OLDP,エクストラ,1100000,False,,エクストラ,2025-12-14T11:45:12.998+09:00,10,,https://files.cardrush.media/pokemon/ocha_products/6581.webp
792803901,14921,リザードンVMAX＋リザードンV,HR仕様/SR仕様/当選通知書付き,P,103/S-P+104/S-P,炎,,D,エクストラ,1100000,True,,エクストラ,2025-12-14T11:45:12.998+09:00,239,,https://files.cardrush.media/pokemon/ocha_products/14921.webp
792802790,14716,ポンチョを着たピカチュウ,未開封,P,208/XY-P,雷,その他,PIKA,エクストラ,1050000,False,,エクストラ,2025-12-14T11:45:12.998+09:00,70,,https://files.cardrush.media/pokemon/ocha_products/14716.webp
792803336,6181,ルギア,1ED/クリスタルタイプ,☆,090/087,無,その他,OLDP,エクストラ,1000000,False,,エクストラ,2025-12-14T11:45:12.998+09:00,10,,https://files.cardrush.media/pokemon/ocha_products/6181.webp
792803345,7690,ブースター☆,,-,024/PLAY,炎,その他,OLDP,エクストラ,1000000,False,,エクストラ,2025-12-14T11:45:12.998+09:00,30,,https://files.cardrush.media/pokemon/ocha_products/7690.webp
792803362,5671,ピカチュウ☆,,P,001/002,雷,その他,OLDP,エクストラ,1000000,False,,エクストラ,2025-12-14T11:45:12.998+09:00,70,,https://files.cardrush.media/pokemon/ocha_products/5671.webp
792803384,6584,ラティアス☆,1ED,☆,065/082,無,その他,OLDP,エクストラ,1000000,True,,エクストラ,2025-12-14T11:45:12.998+09:00,10,,https://files.cardrush.media/pokemon/ocha_products/6584.webp
792803396,6191,ミュウ☆δ-デルタ種,1ED,★,015/068,水,その他,OLDP,エクストラ,1000000,True,,エクストラ,2025-12-14T11:45:12.998+09:00,10,,https://files.cardrush.media/pokemon/ocha_products/6191.webp
792802789,1423,ポンチョを着たピカチュウ,,P,208/XY-P,雷,その他,PIKA,エクストラ,950000,False,,エクストラ,2025-12-14T11:45:12.998+09:00,70,,https://files.cardrush.media/pokemon/ocha_products/1423.webp
792803899,14317,リザードンVMAX,HR仕様,P,104/S-P,炎,その他,D,エクストラ,950000,True,,エクストラ,2025-12-14T11:45:12.998+09:00,239,,https://files.cardrush.media/pokemon/ocha_products/14317.webp
792803900,39974,リザードンVMAX,HR仕様/未開封,P,104/S-P,炎,その他,D,エクストラ,950000,True,,エクストラ,2025-12-14T11:45:12.998+09:00,239,,https://files.cardrush.media/pokemon/ocha_products/39974.webp
795519156,3720,ギラティナEX,,P,146/BW-P,竜,その他,OLDP,エクストラ,950000,True,,エクストラ,2025-12-14T11:45:12.998+09:00,70,,https://files.cardrush.media/pokemon/ocha_products/3720.webp
792802781,12,ルイージピカチュウ,,P,296/XY-P,雷,その他,PIKA,エクストラ,900000,True,,エクストラ,2025-12-14T11:45:12.998+09:00,70,,https://files.cardrush.media/pokemon/ocha_products/12.webp
792803339,7654,キモリ☆,アンリミ,☆,011/084,草,その他,OLDP,エクストラ,900000,True,,エクストラ,2025-12-14T11:45:12.998+09:00,10,,https://files.cardrush.media/pokemon/ocha_products/7654.webp
792803355,7649,ミズゴロウ☆,アンリミ,☆,033/084,水,その他,OLDP,エクストラ,900000,False,,エクストラ,2025-12-14T11:45:12.998+09:00,10,,https://files.cardrush.media/pokemon/ocha_products/7649.webp
792803386,7621,ラティオス☆,1ED,☆,066/082,無,その他,OLDP,エクストラ,900000,True,,エクストラ,2025-12-14T11:45:12.998+09:00,10,,https://files.cardrush.media/pokemon/ocha_products/7621.webp
792803909,7678,サンダー,トロピカルメガバトル テレフォンカード,-,-,雷,その他,P,エクストラ,900000,False,,エクストラ,2025-12-14T11:45:12.998+09:00,30,,https://files.cardrush.media/pokemon/ocha_products/7678.webp
792803910,7679,ファイヤー,トロピカルメガバトル テレフォンカード,-,-,炎,その他,P,エクストラ,900000,False,,エクストラ,2025-12-14T11:45:12.998+09:00,30,,https://files.cardrush.media/pokemon/ocha_products/7679.webp
792803914,22448,ホウオウ,未開封,P,065/L-P,炎,その他,OLDP,エクストラ,900000,False,,エクストラ,2025-12-14T11:45:12.998+09:00,70,,https://files.cardrush.media/pokemon/ocha_products/22448.webp
795519056,7677,フリーザー,トロピカルメガバトル テレフォンカード,-,-,水,その他,P,エクストラ,900000,False,,エクストラ,2025-12-14T11:45:12.998+09:00,30,,https://files.cardrush.media/pokemon/ocha_products/7677.webp
792802799,14714,スカル団ごっこピカチュウ,未開封,P,013/SM-P,雷,その他,PIKA,エクストラ,850000,False,,エクストラ,2025-12-14T11:45:12.998+09:00,70,,https://files.cardrush.media/pokemon/ocha_products/14714.webp
792802933,1519,メガトウキョーのピカチュウ,,P,204/XY-P,雷,その他,PIKA,エクストラ,820000,False,,エクストラ,2025-12-14T11:45:12.998+09:00,70,,https://files.cardrush.media/pokemon/ocha_products/1519.webp
792802793,1418,ポンチョを着たピカチュウ,,P,231/XY-P,雷,その他,PIKA,エクストラ,800000,False,,エクストラ,2025-12-14T11:45:12.998+09:00,70,,https://files.cardrush.media/pokemon/ocha_products/1418.webp
792803315,5640,ひかるミュウツー,,-,旧裏,超,その他,OLDP,エクストラ,800000,False,,エクストラ,2025-12-14T11:45:12.998+09:00,30,,https://files.cardrush.media/pokemon/ocha_products/5640.webp
792803337,6182,ルギア,アンリミ/クリスタルタイプ,☆,090/087,無,その他,OLDP,エクストラ,800000,False,,エクストラ,2025-12-14T11:45:12.998+09:00,10,,https://files.cardrush.media/pokemon/ocha_products/6182.webp
792803385,7647,ラティアス☆,アンリミ,☆,065/082,無,その他,OLDP,エクストラ,800000,True,,エクストラ,2025-12-14T11:45:12.998+09:00,10,,https://files.cardrush.media/pokemon/ocha_products/7647.webp
792803397,4317,ミュウ☆δ-デルタ種,アンリミ,★,015/068,水,その他,OLDP,エクストラ,800000,True,,エクストラ,2025-12-14T11:45:12.998+09:00,10,,https://files.cardrush.media/pokemon/ocha_products/4317.webp
792802791,1417,ポンチョを着たピカチュウ,,P,230/XY-P,雷,その他,PIKA,エクストラ,780000,False,,エクストラ,2025-12-14T11:45:12.998+09:00,70,,https://files.cardrush.media/pokemon/ocha_products/1417.webp
792802797,493,ギャラドスごっこピカチュウ,,P,151/XY-P,雷,その他,PIKA,エクストラ,780000,False,,エクストラ,2025-12-14T11:45:12.998+09:00,70,,https://files.cardrush.media/pokemon/ocha_products/493.webp
792802798,576,コイキングごっこピカチュウ,,P,150/XY-P,雷,その他,PIKA,エクストラ,780000,False,,エクストラ,2025-12-14T11:45:12.998+09:00,70,,https://files.cardrush.media/pokemon/ocha_products/576.webp
792799524,1587,リーリエ,,SR,119/114,サポート,sm4+,OLDP,エクストラ,750000,False,,エクストラ,2025-12-14T11:45:12.998+09:00,200,ハイクラスパック「GXバトルブースト」,https://files.cardrush.media/pokemon/ocha_products/1587.webp
792803203,2754,ピカチュウ,ムンク,P,288/SM-P,雷,その他,B,エクストラ,750000,False,,エクストラ,2025-12-14T11:45:12.998+09:00,70,,https://files.cardrush.media/pokemon/ocha_products/2754.webp
792803204,7210,ミミッキュ,ムンク/ファイル付未開封,P,289/SM-P,超,その他,B,エクストラ,750000,True,,エクストラ,2025-12-14T11:45:12.998+09:00,70,,https://files.cardrush.media/pokemon/ocha_products/7210.webp
792803311,5646,ひかるギャラドス,,-,旧裏,水,その他,OLDP,エクストラ,750000,False,,エクストラ,2025-12-14T11:45:12.998+09:00,30,,https://files.cardrush.media/pokemon/ocha_products/5646.webp
792802800,749,スカル団ごっこピカチュウ,,P,013/SM-P,雷,その他,PIKA,エクストラ,700000,False,,エクストラ,2025-12-14T11:45:12.998+09:00,70,,https://files.cardrush.media/pokemon/ocha_products/749.webp
792802898,1147,ピカチュウ,,P,229/BW-P,雷,その他,PIKA,エクストラ,700000,True,,エクストラ,2025-12-14T11:45:12.998+09:00,70,,https://files.cardrush.media/pokemon/ocha_products/1147.webp
792803205,2820,ミミッキュ,ムンク,P,289/SM-P,超,その他,B,エクストラ,700000,False,,エクストラ,2025-12-14T11:45:12.998+09:00,70,,https://files.cardrush.media/pokemon/ocha_products/2820.webp
792803318,5643,ひかるバンギラス,,-,旧裏,悪,その他,OLDP,エクストラ,700000,False,,エクストラ,2025-12-14T11:45:12.998+09:00,30,,https://files.cardrush.media/pokemon/ocha_products/5643.webp
792803387,7089,ラティオス☆,アンリミ,☆,066/082,無,その他,OLDP,エクストラ,700000,True,,エクストラ,2025-12-14T11:45:12.998+09:00,10,,https://files.cardrush.media/pokemon/ocha_products/7089.webp
792802890,1145,ピカチュウ,20thアニバーサリー,P,XY-P,雷,その他,PIKA,エクストラ,680000,False,,エクストラ,2025-12-14T11:45:12.998+09:00,70,,https://files.cardrush.media/pokemon/ocha_products/1145.webp
792803926,14731,サカキの計画,未開封,P,277/XY-P,サポート,その他,P,エクストラ,650000,False,,エクストラ,2025-12-14T11:45:12.998+09:00,70,,https://files.cardrush.media/pokemon/ocha_products/14731.webp
792803928,14732,ロケット団参上!,未開封,P,278/XY-P,サポート,その他,P,エクストラ,650000,False,,エクストラ,2025-12-14T11:45:12.998+09:00,70,,https://files.cardrush.media/pokemon/ocha_products/14732.webp
792804088,69722,ゲンガーLV.40,通信進化キャンペーン,-,旧裏,超,その他,OLD,エクストラ,650000,False,,エクストラ,2025-12-14T11:45:12.998+09:00,30,,https://files.cardrush.media/pokemon/ocha_products/69722.webp
792803082,22469,シャワーズVMAX,SA仕様,P,187/S-P,水,その他,E,スタンダード,620000,False,,スタンダード,2025-12-14T11:45:12.998+09:00,300,,https://files.cardrush.media/pokemon/ocha_products/22469.webp
792802431,22589,ピカチュウ,未開封/乱戦！ポケモンスクランブル,-,007/016,雷,,,エクストラ,600000,True,,エクストラ,2025-12-14T11:45:12.998+09:00,30,,https://files.cardrush.media/pokemon/ocha_products/22589.webp
792802555,34098,ライチュウ,グレート/台紙付,P,044/L-P,雷,その他,OLDP,エクストラ,600000,False,,エクストラ,2025-12-14T11:45:12.998+09:00,70,,https://files.cardrush.media/pokemon/ocha_products/34098.webp
792803350,7615,シャワーズ☆,未開封,-,022/PLAY,水,その他,P,エクストラ,600000,False,,エクストラ,2025-12-14T11:45:12.998+09:00,30,,https://files.cardrush.media/pokemon/ocha_products/7615.webp
792803363,6311,サンダース☆,未開封,-,023/PLAY,雷,その他,P,エクストラ,600000,False,,エクストラ,2025-12-14T11:45:12.998+09:00,30,,https://files.cardrush.media/pokemon/ocha_products/6311.webp
792803373,5672,ミュウツー☆,,P,002/002,超,その他,OLDP,エクストラ,600000,False,,エクストラ,2025-12-14T11:45:12.998+09:00,70,,https://files.cardrush.media/pokemon/ocha_products/5672.webp
792803390,7129,ギャラドス☆δ-デルタ種,1ED,★,008/052,炎,その他,OLDP,エクストラ,600000,True,,エクストラ,2025-12-14T11:45:12.998+09:00,10,,https://files.cardrush.media/pokemon/ocha_products/7129.webp
792803917,13906,ブラッキー,ブラッキーナイトバトル優勝プロモ,P,140/XY-P,悪,その他,P,エクストラ,600000,False,,エクストラ,2025-12-14T11:45:12.998+09:00,70,,https://files.cardrush.media/pokemon/ocha_products/13906.webp
792803991,7627,カリンのブラッキー,VS,☆,091/141,悪,その他,P,エクストラ,600000,True,,エクストラ,2025-12-14T11:45:12.998+09:00,10,,https://files.cardrush.media/pokemon/ocha_products/7627.webp
792803083,22470,サンダースVMAX,SA仕様,P,188/S-P,雷,その他,E,スタンダード,570000,False,,スタンダード,2025-12-14T11:45:12.998+09:00,300,,https://files.cardrush.media/pokemon/ocha_products/22470.webp
792799525,1586,リーリエ,,SR,066/060,サポート,sm1M,A,エクストラ,550000,False,,エクストラ,2025-12-14T11:45:12.998+09:00,200,拡張パック「コレクション ムーン」,https://files.cardrush.media/pokemon/ocha_products/1586.webp
792802554,34097,ライチュウ,グレート/未開封,P,044/L-P,雷,その他,OLDP,エクストラ,550000,False,,エクストラ,2025-12-14T11:45:12.998+09:00,70,,https://files.cardrush.media/pokemon/ocha_products/34097.webp
792802779,1470,マリオピカチュウ,,P,293/XY-P,雷,その他,PIKA,エクストラ,550000,False,,エクストラ,2025-12-14T11:45:12.998+09:00,70,,https://files.cardrush.media/pokemon/ocha_products/1470.webp
792803324,6169,セレビィ,1ED/クリスタルタイプ,☆,091/088,無,その他,OLDP,エクストラ,550000,False,,エクストラ,2025-12-14T11:45:12.998+09:00,10,,https://files.cardrush.media/pokemon/ocha_products/6169.webp
792803330,6175,ホウオウ,1ED/クリスタルタイプ,☆,091/088,無,その他,OLDP,エクストラ,550000,False,,エクストラ,2025-12-14T11:45:12.998+09:00,10,,https://files.cardrush.media/pokemon/ocha_products/6175.webp
792803925,626,サカキの計画,,P,277/XY-P,サポート,その他,P,エクストラ,550000,False,,エクストラ,2025-12-14T11:45:12.998+09:00,70,,https://files.cardrush.media/pokemon/ocha_products/626.webp
792803927,1690,ロケット団参上!,,P,278/XY-P,サポート,その他,P,エクストラ,550000,False,,エクストラ,2025-12-14T11:45:12.998+09:00,70,,https://files.cardrush.media/pokemon/ocha_products/1690.webp
792803962,5252,トロピカルビーチ,2011,P,BW-P,スタジアム,その他,OLDP,エクストラ,550000,False,,エクストラ,2025-12-14T11:45:12.998+09:00,70,,https://files.cardrush.media/pokemon/ocha_products/5252.webp
792803963,5253,トロピカルビーチ,2012,P,BW-P,スタジアム,その他,OLDP,エクストラ,550000,False,,エクストラ,2025-12-14T11:45:12.998+09:00,70,,https://files.cardrush.media/pokemon/ocha_products/5253.webp
792799241,159,アセロラ,,SR,056/049,サポート,sm2+,A,エクストラ,500000,False,,エクストラ,2025-12-14T11:45:12.998+09:00,200,強化拡張パック「新たなる試練の向こう」,https://files.cardrush.media/pokemon/ocha_products/159.webp
792802876,1136,ピカチュウ,バトルフェスタ2014,P,090/XY-P,雷,その他,PIKA,エクストラ,500000,False,,エクストラ,2025-12-14T11:45:12.998+09:00,70,,https://files.cardrush.media/pokemon/ocha_products/1136.webp
792803081,22468,ブースターVMAX,SA仕様,P,186/S-P,炎,その他,E,スタンダード,500000,False,,スタンダード,2025-12-14T11:45:12.998+09:00,300,,https://files.cardrush.media/pokemon/ocha_products/22468.webp
792803220,13100,リザードン,1ED,UR,077/070,炎,その他,状態減額大,エクストラ,500000,False,,エクストラ,2025-12-14T11:45:12.998+09:00,260,,https://files.cardrush.media/pokemon/ocha_products/13100.webp
792803280,1499,ミュウ,20thアニバーサリー,P,XY-P,超,その他,P,エクストラ,500000,False,,エクストラ,2025-12-14T11:45:12.998+09:00,70,,https://files.cardrush.media/pokemon/ocha_products/1499.webp
792803281,13967,ミュウex,未開封,P,007/PLAY,超,その他,OLDP,エクストラ,500000,False,,エクストラ,2025-12-14T11:45:12.998+09:00,70,,https://files.cardrush.media/pokemon/ocha_products/13967.webp
792803308,5642,ひかるセレビィ,,-,旧裏,草,その他,OLDP,エクストラ,500000,False,,エクストラ,2025-12-14T11:45:12.998+09:00,30,,https://files.cardrush.media/pokemon/ocha_products/5642.webp
792803313,5648,ひかるコイキング,めざめる伝説,-,旧裏,水,その他,OLDP,エクストラ,500000,False,,エクストラ,2025-12-14T11:45:12.998+09:00,30,,https://files.cardrush.media/pokemon/ocha_products/5648.webp
792803314,5639,ひかるライチュウ,,-,旧裏,雷,その他,OLDP,エクストラ,500000,False,,エクストラ,2025-12-14T11:45:12.998+09:00,30,,https://files.cardrush.media/pokemon/ocha_products/5639.webp
792803351,7653,シャワーズ☆,,-,022/PLAY,水,その他,OLDP,エクストラ,500000,False,,エクストラ,2025-12-14T11:45:12.998+09:00,30,,https://files.cardrush.media/pokemon/ocha_products/7653.webp
792803356,5670,スイクン☆,1ED,☆,032/106,水,その他,OLDP,エクストラ,500000,False,,エクストラ,2025-12-14T11:45:12.998+09:00,10,,https://files.cardrush.media/pokemon/ocha_products/5670.webp
792803364,6312,サンダース☆,,-,023/PLAY,雷,その他,OLDP,エクストラ,500000,False,,エクストラ,2025-12-14T11:45:12.998+09:00,30,,https://files.cardrush.media/pokemon/ocha_products/6312.webp
792803918,6577,イーブイ,ポケモンカードファンクラブ,P,旧裏,無,その他,P,エクストラ,500000,False,,エクストラ,2025-12-14T11:45:12.998+09:00,70,,https://files.cardrush.media/pokemon/ocha_products/6577.webp
792803919,5650,ミステリアス・パール,,-,-,グッズ,その他,OLDP,エクストラ,500000,False,,エクストラ,2025-12-14T11:45:12.998+09:00,30,,https://files.cardrush.media/pokemon/ocha_products/5650.webp
792803348,5673,エンテイ☆,1ED,☆,019/106,炎,その他,OLDP,エクストラ,480000,True,,エクストラ,2025-12-14T11:45:12.998+09:00,10,,https://files.cardrush.media/pokemon/ocha_products/5673.webp
712842899,21483,レックウザVMAX,SA,HR,083/067,竜,S7R,E,スタンダード,470000,True,,スタンダード,2025-12-14T11:45:12.998+09:00,300,拡張パック「蒼空ストリーム」,https://files.cardrush.media/pokemon/ocha_products/21483.webp
792802553,5636,ライチュウ,グレート,P,044/L-P,雷,その他,OLDP,エクストラ,450000,False,,エクストラ,2025-12-14T11:45:12.998+09:00,70,,https://files.cardrush.media/pokemon/ocha_products/5636.webp
792802794,1424,ポンチョを着たピカチュウ,,P,274/XY-P,雷,その他,PIKA,エクストラ,450000,False,,エクストラ,2025-12-14T11:45:12.998+09:00,70,,https://files.cardrush.media/pokemon/ocha_products/1424.webp
792803340,5676,セレビィ☆,1ED,☆,004/075,草,その他,OLDP,エクストラ,450000,True,,エクストラ,2025-12-14T11:45:12.998+09:00,10,,https://files.cardrush.media/pokemon/ocha_products/5676.webp
792803346,7650,ブースター☆,1ED,☆,011/108,炎,その他,OLDP,エクストラ,450000,False,,エクストラ,2025-12-14T11:45:12.998+09:00,10,,https://files.cardrush.media/pokemon/ocha_products/7650.webp
792803391,5678,ギャラドス☆δ-デルタ種,アンリミ,★,008/052,炎,その他,OLDP,エクストラ,450000,True,,エクストラ,2025-12-14T11:45:12.998+09:00,10,,https://files.cardrush.media/pokemon/ocha_products/5678.webp
792803915,6153,ホウオウ,,P,065/L-P,炎,その他,OLDP,エクストラ,450000,False,,エクストラ,2025-12-14T11:45:12.998+09:00,70,,https://files.cardrush.media/pokemon/ocha_products/6153.webp
792803916,6152,ルギア,,P,066/L-P,水,その他,OLDP,エクストラ,450000,False,,エクストラ,2025-12-14T11:45:12.998+09:00,70,,https://files.cardrush.media/pokemon/ocha_products/6152.webp
792803929,756,スズキサン,,P,297/XY-P,サポート,その他,P,エクストラ,450000,False,,エクストラ,2025-12-14T11:45:12.998+09:00,70,,https://files.cardrush.media/pokemon/ocha_products/756.webp
795519152,14740,リザードンEX,未開封,P,276/XY-P,炎,その他,EX,エクストラ,450000,False,,エクストラ,2025-12-14T11:45:12.998+09:00,70,,https://files.cardrush.media/pokemon/ocha_products/14740.webp
792799261,288,オカルトマニア,SR仕様,-,181/171,サポート,XY,EX,エクストラ,420000,False,,エクストラ,2025-12-14T11:45:12.998+09:00,199,ハイクラスパック「THE BEST OF XY」,https://files.cardrush.media/pokemon/ocha_products/288.webp
792803221,13101,リザードン,アンリミ,UR,077/070,炎,その他,状態減額大,エクストラ,420000,False,,エクストラ,2025-12-14T11:45:12.998+09:00,260,,https://files.cardrush.media/pokemon/ocha_products/13101.webp
792803371,7620,フーディン☆,1ED,☆,033/075,超,その他,OLDP,エクストラ,420000,False,,エクストラ,2025-12-14T11:45:12.998+09:00,10,,https://files.cardrush.media/pokemon/ocha_products/7620.webp
795519203,1169,ピカチュウEX,,SR,094/087,雷,CP6,PIKA,エクストラ,420000,True,,エクストラ,2025-12-14T11:45:12.998+09:00,200,コンセプトパック「ポケットモンスターカードゲーム 拡張パック 20th Anniversary,https://files.cardrush.media/pokemon/ocha_products/1169.webp
792802493,14307,カイオーガ,未開封/伝説ポケモンプレゼントキャンペーン,P,071/L-P,水,その他,状態減額大,エクストラ,400000,False,,エクストラ,2025-12-14T11:45:12.998+09:00,70,,https://files.cardrush.media/pokemon/ocha_products/14307.webp
792802782,11,ルイージピカチュウ,,P,295/XY-P,雷,その他,PIKA,エクストラ,400000,True,,エクストラ,2025-12-14T11:45:12.998+09:00,70,,https://files.cardrush.media/pokemon/ocha_products/11.webp
792802795,1425,ポンチョを着たピカチュウ,,P,275/XY-P,雷,その他,PIKA,エクストラ,400000,False,,エクストラ,2025-12-14T11:45:12.998+09:00,70,,https://files.cardrush.media/pokemon/ocha_products/1425.webp
792802945,88,＿のピカチュウ LV.17,ポケモンカードになったわけ6,P,旧裏,雷,その他,PIKA,エクストラ,400000,False,,エクストラ,2025-12-14T11:45:12.998+09:00,70,,https://files.cardrush.media/pokemon/ocha_products/88.webp
792803282,5634,ミュウex,,P,007/PLAY,超,その他,OLDP,エクストラ,400000,False,,エクストラ,2025-12-14T11:45:12.998+09:00,70,,https://files.cardrush.media/pokemon/ocha_products/5634.webp
792803325,6170,セレビィ,アンリミ/クリスタルタイプ,☆,091/088,無,その他,OLDP,エクストラ,400000,False,,エクストラ,2025-12-14T11:45:12.998+09:00,10,,https://files.cardrush.media/pokemon/ocha_products/6170.webp
792803331,6176,ホウオウ,アンリミ/クリスタルタイプ,☆,091/088,無,その他,OLDP,エクストラ,400000,False,,エクストラ,2025-12-14T11:45:12.998+09:00,10,,https://files.cardrush.media/pokemon/ocha_products/6176.webp
792803352,6576,シャワーズ☆,1ED,☆,015/108,水,その他,OLDP,エクストラ,400000,False,,エクストラ,2025-12-14T11:45:12.998+09:00,10,,https://files.cardrush.media/pokemon/ocha_products/6576.webp
792803357,7688,スイクン☆,アンリミ,☆,032/106,水,その他,OLDP,エクストラ,400000,False,,エクストラ,2025-12-14T11:45:12.998+09:00,10,,https://files.cardrush.media/pokemon/ocha_products/7688.webp
792803365,6313,サンダース☆,1ED,☆,027/108,雷,その他,OLDP,エクストラ,400000,False,,エクストラ,2025-12-14T11:45:12.998+09:00,10,,https://files.cardrush.media/pokemon/ocha_products/6313.webp
792803367,5675,ライコウ☆,1ED,☆,039/106,雷,その他,OLDP,エクストラ,400000,False,,エクストラ,2025-12-14T11:45:12.998+09:00,10,,https://files.cardrush.media/pokemon/ocha_products/5675.webp
792803382,7405,メタグロス☆,1ED,☆,075/086,鋼,その他,OLDP,エクストラ,400000,False,,エクストラ,2025-12-14T11:45:12.998+09:00,10,,https://files.cardrush.media/pokemon/ocha_products/7405.webp
792803907,5235,レシラム,15周年,SR,055/053,炎,その他,OLDP,エクストラ,400000,False,,エクストラ,2025-12-14T11:45:12.998+09:00,200,,https://files.cardrush.media/pokemon/ocha_products/5235.webp
792803908,5236,ゼクロム,15周年,SR,055/053,雷,その他,OLDP,エクストラ,400000,False,,エクストラ,2025-12-14T11:45:12.998+09:00,200,,https://files.cardrush.media/pokemon/ocha_products/5236.webp
795519057,5055,MリザードンEX,Y,SR,091/087,炎,その他,状態減額大,エクストラ,400000,False,,エクストラ,2025-12-14T11:45:12.998+09:00,200,,https://files.cardrush.media/pokemon/ocha_products/5055.webp
792803349,7689,エンテイ☆,アンリミ,☆,019/106,炎,その他,OLDP,エクストラ,380000,True,,エクストラ,2025-12-14T11:45:12.998+09:00,10,,https://files.cardrush.media/pokemon/ocha_products/7689.webp
792803360,7619,カイオーガ☆,1ED,☆,028/086,水,その他,OLDP,エクストラ,380000,False,,エクストラ,2025-12-14T11:45:12.998+09:00,10,,https://files.cardrush.media/pokemon/ocha_products/7619.webp
712843052,20761,ブラッキーVMAX,SA,HR,095/069,悪,S6a,E,スタンダード,370000,True,,スタンダード,2025-12-14T11:45:12.998+09:00,300,強化拡張パック「イーブイヒーローズ」,https://files.cardrush.media/pokemon/ocha_products/20761.webp
792802828,40456,ピカチュウ,,P,016/DPt-P,雷,その他,PIKA,エクストラ,350000,False,,エクストラ,2025-12-14T11:45:12.998+09:00,70,,https://files.cardrush.media/pokemon/ocha_products/40456.webp
792803195,72939,ブラッキー,カードe/1ED,★,072/088,悪,その他,状態減額大,エクストラ,350000,True,,エクストラ,2025-12-14T11:45:12.998+09:00,10,,https://files.cardrush.media/pokemon/ocha_products/72939.webp
792803316,7616,ひかるミュウ,,P,旧裏,超,その他,OLDP,エクストラ,350000,False,,エクストラ,2025-12-14T11:45:12.998+09:00,70,,https://files.cardrush.media/pokemon/ocha_products/7616.webp
792803341,7745,セレビィ☆,アンリミ,☆,004/075,草,その他,OLDP,エクストラ,350000,True,,エクストラ,2025-12-14T11:45:12.998+09:00,10,,https://files.cardrush.media/pokemon/ocha_products/7745.webp
792803347,7748,ブースター☆,アンリミ,☆,011/108,炎,その他,OLDP,エクストラ,350000,False,,エクストラ,2025-12-14T11:45:12.998+09:00,10,,https://files.cardrush.media/pokemon/ocha_products/7748.webp
792803376,6285,グラードン☆,1ED,☆,056/086,闘,その他,OLDP,エクストラ,350000,False,,エクストラ,2025-12-14T11:45:12.998+09:00,10,,https://files.cardrush.media/pokemon/ocha_products/6285.webp
792803964,6847,バトルロードスタジアム,バトルロードオータム2005,P,117/PCG-P,スタジアム,その他,P,エクストラ,350000,False,,エクストラ,2025-12-14T11:45:12.998+09:00,70,,https://files.cardrush.media/pokemon/ocha_products/6847.webp
795519151,1597,リザードンEX,,P,276/XY-P,炎,その他,状態減額大,エクストラ,350000,False,,エクストラ,2025-12-14T11:45:12.998+09:00,70,,https://files.cardrush.media/pokemon/ocha_products/1597.webp
792802603,37268,R団のペルシアンex,,P,053/PCG-P,悪,その他,状態減額大,エクストラ,330000,False,,エクストラ,2025-12-14T11:45:12.998+09:00,70,,https://files.cardrush.media/pokemon/ocha_products/37268.webp
792803965,7682,バトルロードスタジアム ,バトルロードスタジアムDPクリア賞,P,-,スタジアム,その他,P,エクストラ,330000,False,,エクストラ,2025-12-14T11:45:12.998+09:00,70,,https://files.cardrush.media/pokemon/ocha_products/7682.webp
792803353,7747,シャワーズ☆,アンリミ,☆,015/108,水,その他,OLDP,エクストラ,320000,True,,エクストラ,2025-12-14T11:45:12.998+09:00,10,,https://files.cardrush.media/pokemon/ocha_products/7747.webp
792802785,17854,ポンチョを着たピカチュウ,未開封,P,037/SM-P,雷,その他,PIKA,エクストラ,300000,False,,エクストラ,2025-12-14T11:45:12.998+09:00,70,,https://files.cardrush.media/pokemon/ocha_products/17854.webp
792802832,160,あったかピカチュウ,,P,094/XY-P,雷,その他,PIKA,エクストラ,300000,False,,エクストラ,2025-12-14T11:45:12.998+09:00,70,,https://files.cardrush.media/pokemon/ocha_products/160.webp
792802833,161,あったかピカチュウ,,P,095/XY-P,雷,その他,PIKA,エクストラ,300000,False,,エクストラ,2025-12-14T11:45:12.998+09:00,70,,https://files.cardrush.media/pokemon/ocha_products/161.webp
792802834,162,あったかピカチュウ,,P,096/XY-P,雷,その他,PIKA,エクストラ,300000,False,,エクストラ,2025-12-14T11:45:12.998+09:00,70,,https://files.cardrush.media/pokemon/ocha_products/162.webp
792802835,163,あったかピカチュウ,,P,097/XY-P,雷,その他,PIKA,エクストラ,300000,False,,エクストラ,2025-12-14T11:45:12.998+09:00,70,,https://files.cardrush.media/pokemon/ocha_products/163.webp
792802836,62919,あったかピカチュウ,未開封,P,-,雷,,,エクストラ,300000,False,,エクストラ,2025-12-14T11:45:12.998+09:00,70,,https://files.cardrush.media/pokemon/ocha_products/62919.webp
792803196,72941,ブラッキー,カードe/アンリミ,★,072/088,悪,その他,状態減額大,エクストラ,300000,True,,エクストラ,2025-12-14T11:45:12.998+09:00,10,,https://files.cardrush.media/pokemon/ocha_products/72941.webp
792803358,5677,レジアイス☆,1ED,☆,033/086,水,その他,OLDP,エクストラ,300000,True,,エクストラ,2025-12-14T11:45:12.998+09:00,10,,https://files.cardrush.media/pokemon/ocha_products/5677.webp
792803366,6314,サンダース☆,アンリミ,☆,027/108,雷,その他,OLDP,エクストラ,300000,False,,エクストラ,2025-12-14T11:45:12.998+09:00,10,,https://files.cardrush.media/pokemon/ocha_products/6314.webp
792803368,6416,ライコウ☆,アンリミ,☆,039/106,雷,その他,OLDP,エクストラ,300000,False,,エクストラ,2025-12-14T11:45:12.998+09:00,10,,https://files.cardrush.media/pokemon/ocha_products/6416.webp
792803372,7622,フーディン☆,アンリミ,☆,033/075,超,その他,OLDP,エクストラ,300000,False,,エクストラ,2025-12-14T11:45:12.998+09:00,10,,https://files.cardrush.media/pokemon/ocha_products/7622.webp
792803374,7617,レジロック☆,1ED,☆,059/086,闘,その他,OLDP,エクストラ,300000,True,,エクストラ,2025-12-14T11:45:12.998+09:00,10,,https://files.cardrush.media/pokemon/ocha_products/7617.webp
792803380,7618,レジスチル☆,1ED,☆,076/086,鋼,その他,OLDP,エクストラ,300000,True,,エクストラ,2025-12-14T11:45:12.998+09:00,10,,https://files.cardrush.media/pokemon/ocha_products/7618.webp
792803383,7090,メタグロス☆,アンリミ,☆,075/086,鋼,その他,OLDP,エクストラ,300000,False,,エクストラ,2025-12-14T11:45:12.998+09:00,10,,https://files.cardrush.media/pokemon/ocha_products/7090.webp
792803967,18747,リザードン,トリプルゲットキャンペーン,P,014/P,炎,その他,PROMO,エクストラ,300000,False,,エクストラ,2025-12-14T11:45:12.998+09:00,70,,https://files.cardrush.media/pokemon/ocha_products/18747.webp
792804009,22538,勝利のメダル,金2005/ピカチュウ/ジム☆ファイナル-地区代表決定戦-入賞者プレゼント,P,WAL-79B-Y9R,グッズ,その他,状態減額大,エクストラ,300000,False,,エクストラ,2025-12-14T11:45:12.998+09:00,70,,https://files.cardrush.media/pokemon/ocha_products/22538.webp
792804177,4196,基本草エネルギー,クイックキラ/未開封,P,055/PCG-P,エネルギー,その他,OLDP,エクストラ,300000,False,,エクストラ,2025-12-14T11:45:12.998+09:00,70,,https://files.cardrush.media/pokemon/ocha_products/4196.webp
795519153,3864,ミュウツーEX,20thアニバーサリー,P,XY-P,超,その他,EX,エクストラ,300000,True,,エクストラ,2025-12-14T11:45:12.998+09:00,70,,https://files.cardrush.media/pokemon/ocha_products/3864.webp
792802891,1158,ピカチュウ,ともだちのわ,P,XY-P,雷,その他,PIKA,エクストラ,280000,False,,エクストラ,2025-12-14T11:45:12.998+09:00,70,,https://files.cardrush.media/pokemon/ocha_products/1158.webp
795519236,14311,ブラッキーEX,,SR,082/078,悪,XY10,EX,エクストラ,280000,True,,エクストラ,2025-12-14T11:45:12.998+09:00,200,拡張パック「めざめる超王」,https://files.cardrush.media/pokemon/ocha_products/14311.webp
792803361,7399,カイオーガ☆,アンリミ,☆,028/086,水,その他,OLDP,エクストラ,270000,False,,エクストラ,2025-12-14T11:45:12.998+09:00,10,,https://files.cardrush.media/pokemon/ocha_products/7399.webp
792803377,7686,グラードン☆,アンリミ,☆,056/086,闘,その他,OLDP,エクストラ,270000,False,,エクストラ,2025-12-14T11:45:12.998+09:00,10,,https://files.cardrush.media/pokemon/ocha_products/7686.webp
792803973,7394,ギャラドス,,P,XY-P,水,その他,P,エクストラ,270000,False,,エクストラ,2025-12-14T11:45:12.998+09:00,70,,https://files.cardrush.media/pokemon/ocha_products/7394.webp
792802856,1159,ピカチュウ,,RR,010/032,雷,CP3,PIKA,エクストラ,260000,False,,エクストラ,2025-12-14T11:45:12.998+09:00,150,コンセプトパック「ポケキュンコレクション」,https://files.cardrush.media/pokemon/ocha_products/1159.webp
792802880,1139,ピカチュウ,バトルフェスタ2015,P,175/XY-P,雷,その他,PIKA,エクストラ,260000,True,,エクストラ,2025-12-14T11:45:12.998+09:00,70,,https://files.cardrush.media/pokemon/ocha_products/1139.webp
792799232,4295,アイリス,,SR,082/076,サポート,その他,状態減額大,エクストラ,250000,False,,エクストラ,2025-12-14T11:45:12.998+09:00,200,,https://files.cardrush.media/pokemon/ocha_products/4295.webp
792802430,48296,ピカチュウ,乱戦！ポケモンスクランブル,-,007/016,雷,乱,EX,エクストラ,250000,True,,エクストラ,2025-12-14T11:45:12.998+09:00,30,,https://files.cardrush.media/pokemon/ocha_products/48296.webp
792803317,5641,ひかるカブトプス,,-,旧裏,闘,その他,OLDP,エクストラ,250000,False,,エクストラ,2025-12-14T11:45:12.998+09:00,30,,https://files.cardrush.media/pokemon/ocha_products/5641.webp
792803319,5644,ひかるハガネール,,-,旧裏,鋼,その他,OLDP,エクストラ,250000,False,,エクストラ,2025-12-14T11:45:12.998+09:00,30,,https://files.cardrush.media/pokemon/ocha_products/5644.webp
792803322,6167,クロバット,1ED/クリスタルタイプ,☆,090/088,無,その他,OLDP,エクストラ,250000,False,,エクストラ,2025-12-14T11:45:12.998+09:00,10,,https://files.cardrush.media/pokemon/ocha_products/6167.webp
792803328,6173,カブトプス,1ED/クリスタルタイプ,☆,090/088,無,その他,OLDP,エクストラ,250000,False,,エクストラ,2025-12-14T11:45:12.998+09:00,10,,https://files.cardrush.media/pokemon/ocha_products/6173.webp
792803332,6177,ニドキング,1ED/クリスタルタイプ,☆,088/087,無,その他,OLDP,エクストラ,250000,False,,エクストラ,2025-12-14T11:45:12.998+09:00,10,,https://files.cardrush.media/pokemon/ocha_products/6177.webp
792803894,770,ゼクロムGX,SR仕様,P,239/SM-P,雷,その他,B,エクストラ,250000,False,,エクストラ,2025-12-14T11:45:12.998+09:00,199,,https://files.cardrush.media/pokemon/ocha_products/770.webp
792804035,21002,ゼニガメ,マクドナルド,P,007/018,水,その他,状態減額大,エクストラ,250000,False,,エクストラ,2025-12-14T11:45:12.998+09:00,70,,https://files.cardrush.media/pokemon/ocha_products/21002.webp
792799338,643,サナ,,SR,185/171,サポート,XY,F,スタンダード,240000,False,,スタンダード,2025-12-14T11:45:12.998+09:00,200,ハイクラスパック「THE BEST OF XY」,https://files.cardrush.media/pokemon/ocha_products/643.webp
792803924,6859,アローラの仲間たち,SR仕様,P,401/SM-P,サポート,その他,C,エクストラ,240000,False,,エクストラ,2025-12-14T11:45:12.998+09:00,199,,https://files.cardrush.media/pokemon/ocha_products/6859.webp
712842842,2702,ラティアス＆ラティオスGX,SA,SR,105/095,竜,sm9,C,エクストラ,230000,False,,エクストラ,2025-12-14T11:45:12.998+09:00,300,拡張パック「タッグボルト」,https://files.cardrush.media/pokemon/ocha_products/2702.webp
792802476,5662,焼けた塔,よみがえる伝説,P,052/L-P,スタジアム,その他,HOF,エクストラ,230000,False,,エクストラ,2025-12-14T11:45:12.998+09:00,70,,https://files.cardrush.media/pokemon/ocha_products/5662.webp
792802897,14722,日本代表のピカチュウ,未開封,P,050/XY-P,雷,その他,PIKA,エクストラ,230000,True,,エクストラ,2025-12-14T11:45:12.998+09:00,70,,https://files.cardrush.media/pokemon/ocha_products/14722.webp
792802914,6860,ピカチュウ,リミテッドコレクション/SR仕様,P,400/SM-P,雷,その他,PIKA,エクストラ,230000,True,,エクストラ,2025-12-14T11:45:12.998+09:00,199,,https://files.cardrush.media/pokemon/ocha_products/6860.webp
792802915,1162,ピカチュウ,チャンピオンズリーグ2017,P,068/SM-P,雷,その他,PIKA,エクストラ,230000,False,,エクストラ,2025-12-14T11:45:12.998+09:00,70,,https://files.cardrush.media/pokemon/ocha_products/1162.webp
792802936,14721,火消し姿のピカチュウ,未開封,P,209/SM-P,雷,その他,PIKA,エクストラ,230000,False,,エクストラ,2025-12-14T11:45:12.998+09:00,70,,https://files.cardrush.media/pokemon/ocha_products/14721.webp
792803193,21970,ブラッキー,カードe/1ED,-,068/092,悪,その他,状態減額大,エクストラ,230000,True,,エクストラ,2025-12-14T11:45:12.998+09:00,30,,https://files.cardrush.media/pokemon/ocha_products/21970.webp
792803359,7648,レジアイス☆,アンリミ,☆,033/086,水,その他,OLDP,エクストラ,220000,True,,エクストラ,2025-12-14T11:45:12.998+09:00,10,,https://files.cardrush.media/pokemon/ocha_products/7648.webp
792803930,7685,おしえテレビのおにいさん,,-,-,サポート,その他,P,エクストラ,220000,False,,エクストラ,2025-12-14T11:45:12.998+09:00,30,,https://files.cardrush.media/pokemon/ocha_products/7685.webp
792803953,2023,プレイヤーズセレモニー,2018,P,248/SM-P,スタジアム,その他,B,エクストラ,220000,False,,エクストラ,2025-12-14T11:45:12.998+09:00,70,,https://files.cardrush.media/pokemon/ocha_products/2023.webp
792803972,14301,コイキング,20thアニバーサリー,P,XY-P,水,その他,P,エクストラ,220000,True,,エクストラ,2025-12-14T11:45:12.998+09:00,70,,https://files.cardrush.media/pokemon/ocha_products/14301.webp
795519212,6201,ゲンガーEX,,SR,090/088,超,XY1,状態減額大,エクストラ,220000,False,,エクストラ,2025-12-14T11:45:12.998+09:00,200,,https://files.cardrush.media/pokemon/ocha_products/6201.webp
792802902,1132,ピカチュウ,カードフェスタ2017,P,061/SM-P,雷,その他,PIKA,エクストラ,210000,False,,エクストラ,2025-12-14T11:45:12.998+09:00,70,,https://files.cardrush.media/pokemon/ocha_products/1132.webp
792799228,117,N,SR仕様,-,180/171,サポート,XY,EX,エクストラ,200000,False,,エクストラ,2025-12-14T11:45:12.998+09:00,199,ハイクラスパック「THE BEST OF XY」,https://files.cardrush.media/pokemon/ocha_products/117.webp
792799530,1631,ルチア,,SR,104/096,サポート,sm7,B,エクストラ,200000,False,,エクストラ,2025-12-14T11:45:12.998+09:00,200,拡張パック「裂空のカリスマ」,https://files.cardrush.media/pokemon/ocha_products/1631.webp
792802946,280,オーヤマのピカチュウ,,P,-,雷,その他,PIKA,エクストラ,200000,False,,エクストラ,2025-12-14T11:45:12.998+09:00,70,,https://files.cardrush.media/pokemon/ocha_products/280.webp
792803051,21937,ピカチュウ,未開封,P,227/S-P,雷,その他,PIKA,エクストラ,200000,True,,エクストラ,2025-12-14T11:45:12.998+09:00,70,,https://files.cardrush.media/pokemon/ocha_products/21937.webp
792803171,14445,ポンチョを着たイーブイ,SW/未開封,P,137/SM-P,無,その他,A,エクストラ,200000,False,,エクストラ,2025-12-14T11:45:12.998+09:00,70,,https://files.cardrush.media/pokemon/ocha_products/14445.webp
792803175,14449,ポンチョを着たイーブイ,BK/未開封,P,141/SM-P,無,その他,A,エクストラ,200000,False,,エクストラ,2025-12-14T11:45:12.998+09:00,70,,https://files.cardrush.media/pokemon/ocha_products/14449.webp
792803194,21971,ブラッキー,カードe/アンリミ,-,068/092,悪,その他,状態減額大,エクストラ,200000,True,,エクストラ,2025-12-14T11:45:12.998+09:00,30,,https://files.cardrush.media/pokemon/ocha_products/21971.webp
792803256,6508,レックウザ,,UR,055/050,竜,BW5,状態減額大,エクストラ,200000,False,,エクストラ,2025-12-14T11:45:12.998+09:00,260,,https://files.cardrush.media/pokemon/ocha_products/6508.webp
792803310,5645,ひかるヨルノズク,,-,旧裏,無,その他,OLDP,エクストラ,200000,False,,エクストラ,2025-12-14T11:45:12.998+09:00,30,,https://files.cardrush.media/pokemon/ocha_products/5645.webp
792803323,6168,クロバット,アンリミ/クリスタルタイプ,☆,090/088,無,その他,OLDP,エクストラ,200000,False,,エクストラ,2025-12-14T11:45:12.998+09:00,10,,https://files.cardrush.media/pokemon/ocha_products/6168.webp
792803326,6171,ゴローニャ,1ED/クリスタルタイプ,☆,089/088,無,その他,OLDP,エクストラ,200000,False,,エクストラ,2025-12-14T11:45:12.998+09:00,10,,https://files.cardrush.media/pokemon/ocha_products/6171.webp
792803329,6174,カブトプス,アンリミ/クリスタルタイプ,☆,090/088,無,その他,OLDP,エクストラ,200000,False,,エクストラ,2025-12-14T11:45:12.998+09:00,10,,https://files.cardrush.media/pokemon/ocha_products/6174.webp
792803333,6178,ニドキング,アンリミ/クリスタルタイプ,☆,088/087,無,その他,OLDP,エクストラ,200000,False,,エクストラ,2025-12-14T11:45:12.998+09:00,10,,https://files.cardrush.media/pokemon/ocha_products/6178.webp
792803334,6179,キングドラ,1ED/クリスタルタイプ,☆,089/087,無,その他,OLDP,エクストラ,200000,False,,エクストラ,2025-12-14T11:45:12.998+09:00,10,,https://files.cardrush.media/pokemon/ocha_products/6179.webp
792803375,7744,レジロック☆,アンリミ,☆,059/086,闘,その他,OLDP,エクストラ,200000,False,,エクストラ,2025-12-14T11:45:12.998+09:00,10,,https://files.cardrush.media/pokemon/ocha_products/7744.webp
792803381,7687,レジスチル☆,アンリミ,☆,076/086,鋼,その他,OLDP,エクストラ,200000,False,,エクストラ,2025-12-14T11:45:12.998+09:00,10,,https://files.cardrush.media/pokemon/ocha_products/7687.webp
792803764,2855,ポケパークのピカチュウ,,P,004/009,雷,その他,PIKA,エクストラ,200000,False,,エクストラ,2025-12-14T11:45:12.998+09:00,70,,https://files.cardrush.media/pokemon/ocha_products/2855.webp
792803937,14736,チャンピオンズフェスティバル,2016/未開封,P,XY-P,スタジアム,その他,P,エクストラ,200000,False,,エクストラ,2025-12-14T11:45:12.998+09:00,70,,https://files.cardrush.media/pokemon/ocha_products/14736.webp
792804036,36841,ピカチュウ,マクドナルド,-,010/018,雷,PIKA,状態減額大,エクストラ,200000,False,,エクストラ,2025-12-14T11:45:12.998+09:00,30,,https://files.cardrush.media/pokemon/ocha_products/36841.webp
792798616,14709,ミミッキュ,未開封,P,198/SM-P,妖,その他,B,エクストラ,190000,True,,エクストラ,2025-12-14T11:45:12.998+09:00,70,,https://files.cardrush.media/pokemon/ocha_products/14709.webp
712842891,20768,ゲンガーVMAX,SA,-,020/019,悪,SGG,E,スタンダード,180000,True,,スタンダード,2025-12-14T11:45:12.998+09:00,300,ハイクラスデッキ ゲンガーVMAX,https://files.cardrush.media/pokemon/ocha_products/20768.webp
792802921,14558,ボスごっこピカチュウ スカル団,未開封,P,197/SM-P,雷,その他,PIKA,エクストラ,180000,False,,エクストラ,2025-12-14T11:45:12.998+09:00,70,,https://files.cardrush.media/pokemon/ocha_products/14558.webp
792803898,14316,リザードンV,SR仕様,P,103/S-P,炎,その他,D,エクストラ,180000,False,,エクストラ,2025-12-14T11:45:12.998+09:00,199,,https://files.cardrush.media/pokemon/ocha_products/14316.webp
792803911,6150,エンテイ,,P,062/L-P,炎,その他,OLDP,エクストラ,180000,False,,エクストラ,2025-12-14T11:45:12.998+09:00,70,,https://files.cardrush.media/pokemon/ocha_products/6150.webp
792803912,6149,スイクン,,P,063/L-P,水,その他,OLDP,エクストラ,180000,False,,エクストラ,2025-12-14T11:45:12.998+09:00,70,,https://files.cardrush.media/pokemon/ocha_products/6149.webp
792803913,6151,ライコウ,,P,064/L-P,雷,その他,OLDP,エクストラ,180000,False,,エクストラ,2025-12-14T11:45:12.998+09:00,70,,https://files.cardrush.media/pokemon/ocha_products/6151.webp
795519059,113,MレックウザEX,,SR,086/078,無,XY6,状態減額大,エクストラ,180000,False,,エクストラ,2025-12-14T11:45:12.998+09:00,200,,https://files.cardrush.media/pokemon/ocha_products/113.webp
712843260,2468,リザードンGX,,SSR,209/150,炎,sm8b,A,エクストラ,170000,False,,エクストラ,2025-12-14T11:45:12.998+09:00,220,ハイクラスパック「GXウルトラシャイニー」,https://files.cardrush.media/pokemon/ocha_products/2468.webp
792802956,14724,ヨコハマのピカチュウ,未開封,P,280/SM-P,雷,その他,PIKA,エクストラ,170000,True,,エクストラ,2025-12-14T11:45:12.998+09:00,70,,https://files.cardrush.media/pokemon/ocha_products/14724.webp
792803208,14706,コダック,ムンク/未開封,P,286/SM-P,水,その他,B,エクストラ,170000,False,,エクストラ,2025-12-14T11:45:12.998+09:00,70,,https://files.cardrush.media/pokemon/ocha_products/14706.webp
792803237,1599,リザードンGX,,HR,058/051,炎,sm3H,A,エクストラ,170000,False,,エクストラ,2025-12-14T11:45:12.998+09:00,240,拡張パック「闘う虹を見たか」,https://files.cardrush.media/pokemon/ocha_products/1599.webp
792803923,6160,グズマ,SR仕様,P,396/SM-P,サポート,その他,A,エクストラ,170000,False,,エクストラ,2025-12-14T11:45:12.998+09:00,199,,https://files.cardrush.media/pokemon/ocha_products/6160.webp
795519085,3851,MリザードンEX,X,UR,089/080,竜,その他,状態減額大,エクストラ,170000,False,,エクストラ,2025-12-14T11:45:12.998+09:00,260,,https://files.cardrush.media/pokemon/ocha_products/3851.webp
795519177,3840,リザードンEX,,SR,090/087,炎,その他,状態減額大,エクストラ,170000,True,,エクストラ,2025-12-14T11:45:12.998+09:00,200,,https://files.cardrush.media/pokemon/ocha_products/3840.webp
795519244,18903,ディアルガEX,SR仕様,-,019/018,鋼,XYB,状態減額大,エクストラ,170000,True,,エクストラ,2025-12-14T11:45:12.998+09:00,199,,https://files.cardrush.media/pokemon/ocha_products/18903.webp
792799293,405,カリン,SR仕様,-,183/171,サポート,XY,EX,エクストラ,160000,False,,エクストラ,2025-12-14T11:45:12.998+09:00,199,ハイクラスパック「THE BEST OF XY」,https://files.cardrush.media/pokemon/ocha_products/405.webp
792802929,14562,ボスごっこピカチュウ ロケット団,未開封,P,191/SM-P,雷,その他,PIKA,エクストラ,160000,False,,エクストラ,2025-12-14T11:45:12.998+09:00,70,,https://files.cardrush.media/pokemon/ocha_products/14562.webp
792802944,20820,＿のピカチュウ LV.17,未開封/セカンドアニバーサリースペシャルカード,P,旧裏,雷,その他,PIKA,エクストラ,160000,False,,エクストラ,2025-12-14T11:45:12.998+09:00,70,,https://files.cardrush.media/pokemon/ocha_products/20820.webp
795519058,1710,MレックウザEX,,UR,095/081,無,XY7,状態減額大,エクストラ,160000,True,,エクストラ,2025-12-14T11:45:12.998+09:00,260,,https://files.cardrush.media/pokemon/ocha_products/1710.webp
792802783,1419,ポンチョを着たピカチュウ,,P,037/SM-P,雷,その他,PIKA,エクストラ,150000,False,,エクストラ,2025-12-14T11:45:12.998+09:00,70,,https://files.cardrush.media/pokemon/ocha_products/1419.webp
792802784,1420,ポンチョを着たピカチュウ,,P,038/SM-P,雷,その他,PIKA,エクストラ,150000,False,,エクストラ,2025-12-14T11:45:12.998+09:00,70,,https://files.cardrush.media/pokemon/ocha_products/1420.webp
792802917,14556,ボスごっこピカチュウ アクア団,未開封,P,192/SM-P,雷,その他,PIKA,エクストラ,150000,False,,エクストラ,2025-12-14T11:45:12.998+09:00,70,,https://files.cardrush.media/pokemon/ocha_products/14556.webp
792802919,14557,ボスごっこピカチュウ ギンガ団,未開封,P,194/SM-P,雷,その他,PIKA,エクストラ,150000,False,,エクストラ,2025-12-14T11:45:12.998+09:00,70,,https://files.cardrush.media/pokemon/ocha_products/14557.webp
792802923,14559,ボスごっこピカチュウ プラズマ団,未開封,P,195/SM-P,雷,その他,PIKA,エクストラ,150000,False,,エクストラ,2025-12-14T11:45:12.998+09:00,70,,https://files.cardrush.media/pokemon/ocha_products/14559.webp
792802925,14560,ボスごっこピカチュウ フレア団,未開封,P,196/SM-P,雷,その他,PIKA,エクストラ,150000,False,,エクストラ,2025-12-14T11:45:12.998+09:00,70,,https://files.cardrush.media/pokemon/ocha_products/14560.webp
792802927,14561,ボスごっこピカチュウ マグマ団,未開封,P,193/SM-P,雷,その他,PIKA,エクストラ,150000,True,,エクストラ,2025-12-14T11:45:12.998+09:00,70,,https://files.cardrush.media/pokemon/ocha_products/14561.webp
792802943,87,＿のピカチュウ LV.17,セカンドアニバーサリースペシャルカード,P,旧裏,雷,その他,PIKA,エクストラ,150000,False,,エクストラ,2025-12-14T11:45:12.998+09:00,70,,https://files.cardrush.media/pokemon/ocha_products/87.webp
792803144,982,ニンフィアGX,,HR,064/051,妖,sm1+,A,エクストラ,150000,False,,エクストラ,2025-12-14T11:45:12.998+09:00,240,強化拡張パック サン＆ムーン,https://files.cardrush.media/pokemon/ocha_products/982.webp
792803178,14452,ポンチョを着たイーブイ,NP/未開封,P,144/SM-P,無,その他,A,エクストラ,150000,False,,エクストラ,2025-12-14T11:45:12.998+09:00,70,,https://files.cardrush.media/pokemon/ocha_products/14452.webp
792803289,1507,ミュウツーGX,SR仕様,-,082/072,超,sm3+,A,エクストラ,150000,True,,エクストラ,2025-12-14T11:45:12.998+09:00,199,強化拡張パック「ひかる伝説」,https://files.cardrush.media/pokemon/ocha_products/1507.webp
792803327,6172,ゴローニャ,アンリミ/クリスタルタイプ,☆,089/088,無,その他,OLDP,エクストラ,150000,False,,エクストラ,2025-12-14T11:45:12.998+09:00,10,,https://files.cardrush.media/pokemon/ocha_products/6172.webp
792803335,6180,キングドラ,アンリミ/クリスタルタイプ,☆,089/087,無,その他,OLDP,エクストラ,150000,False,,エクストラ,2025-12-14T11:45:12.998+09:00,10,,https://files.cardrush.media/pokemon/ocha_products/6180.webp
792803398,4316,ミュウδ-デルタ種,,P,148/PCG-P,炎,その他,OLDP,エクストラ,150000,True,,エクストラ,2025-12-14T11:45:12.998+09:00,70,,https://files.cardrush.media/pokemon/ocha_products/4316.webp
792803897,5094,ミュウツーGX,SR仕様,P,363/SM-P,超,その他,C,エクストラ,150000,True,,エクストラ,2025-12-14T11:45:12.998+09:00,199,,https://files.cardrush.media/pokemon/ocha_products/5094.webp
792803931,3688,チャンピオンズフェスティバル,2013,P,BW-P,スタジアム,その他,P,エクストラ,150000,False,,エクストラ,2025-12-14T11:45:12.998+09:00,70,,https://files.cardrush.media/pokemon/ocha_products/3688.webp
792803935,14735,チャンピオンズフェスティバル,2015/未開封,P,XY-P,スタジアム,その他,P,エクストラ,150000,False,,エクストラ,2025-12-14T11:45:12.998+09:00,70,,https://files.cardrush.media/pokemon/ocha_products/14735.webp
792804031,35687,ミズキの検索,キラ,P,-,サポート,,,エクストラ,150000,False,,エクストラ,2025-12-14T11:45:12.998+09:00,70,,https://files.cardrush.media/pokemon/ocha_products/35687.webp
792804034,20992,ヒトカゲ,マクドナルド,P,004/018,炎,e+,状態減額大,エクストラ,150000,False,,エクストラ,2025-12-14T11:45:12.998+09:00,70,,https://files.cardrush.media/pokemon/ocha_products/20992.webp
795519213,3707,ミュウEX,,SR,024/020,超,SC,状態減額大,エクストラ,150000,False,,エクストラ,2025-12-14T11:45:12.998+09:00,200,スターターセットVMAX,https://files.cardrush.media/pokemon/ocha_products/3707.webp
792799281,351,カスミのやる気,,SR,099/087,サポート,CP6,C,エクストラ,140000,False,,エクストラ,2025-12-14T11:45:12.998+09:00,200,コンセプトパック「ポケットモンスターカードゲーム 拡張パック 20th Anniversary,https://files.cardrush.media/pokemon/ocha_products/351.webp
792799437,1214,フウロ,,SR,076/070,サポート,BW7青,D,エクストラ,140000,False,,エクストラ,2025-12-14T11:45:12.998+09:00,200,,https://files.cardrush.media/pokemon/ocha_products/1214.webp
792799527,1628,ルザミーネ,,SR,120/114,サポート,sm4+,A,エクストラ,140000,False,,エクストラ,2025-12-14T11:45:12.998+09:00,200,ハイクラスパック「GXバトルブースト」,https://files.cardrush.media/pokemon/ocha_products/1628.webp
792799528,1629,ルザミーネ,,SR,055/050,サポート,sm4A,A,エクストラ,140000,False,,エクストラ,2025-12-14T11:45:12.998+09:00,200,拡張パック「超次元の暴獣」,https://files.cardrush.media/pokemon/ocha_products/1629.webp
792802896,976,日本代表のピカチュウ,,P,050/XY-P,雷,その他,PIKA,エクストラ,140000,True,,エクストラ,2025-12-14T11:45:12.998+09:00,70,,https://files.cardrush.media/pokemon/ocha_products/976.webp
792803173,14447,ポンチョを着たイーブイ,BS/未開封,P,139/SM-P,無,その他,A,エクストラ,140000,False,,エクストラ,2025-12-14T11:45:12.998+09:00,70,,https://files.cardrush.media/pokemon/ocha_products/14447.webp
792803206,14711,イーブイ,ムンク/未開封,P,287/SM-P,無,その他,B,エクストラ,140000,False,,エクストラ,2025-12-14T11:45:12.998+09:00,70,,https://files.cardrush.media/pokemon/ocha_products/14711.webp
792803209,2589,コダック,ムンク,P,286/SM-P,水,その他,B,エクストラ,140000,False,,エクストラ,2025-12-14T11:45:12.998+09:00,70,,https://files.cardrush.media/pokemon/ocha_products/2589.webp
712842825,2698,ピカチュウ＆ゼクロムGX,SA,SR,101/095,雷,sm9,C,エクストラ,135000,False,,エクストラ,2025-12-14T11:45:12.998+09:00,300,拡張パック「タッグボルト」,https://files.cardrush.media/pokemon/ocha_products/2698.webp
792802472,4088,モノマネむすめ,キラ,P,024/L-P,サポート,その他,B,エクストラ,130000,False,,エクストラ,2025-12-14T11:45:12.998+09:00,70,,https://files.cardrush.media/pokemon/ocha_products/4088.webp
792802849,889,団員ごっこピカチュウ,,P,014/SM-P,雷,その他,PIKA,エクストラ,130000,False,,エクストラ,2025-12-14T11:45:12.998+09:00,70,,https://files.cardrush.media/pokemon/ocha_products/889.webp
792802920,1390,ボスごっこピカチュウ スカル団,,P,197/SM-P,雷,その他,PIKA,エクストラ,130000,False,,エクストラ,2025-12-14T11:45:12.998+09:00,70,,https://files.cardrush.media/pokemon/ocha_products/1390.webp
792803086,22019,イーブイ,8枚セットイーブイコレクション,P,189/BW-P,無,その他,状態減額大,エクストラ,130000,False,,エクストラ,2025-12-14T11:45:12.998+09:00,70,,https://files.cardrush.media/pokemon/ocha_products/22019.webp
792803172,14446,ポンチョを着たイーブイ,TD/未開封,P,138/SM-P,無,その他,A,エクストラ,130000,False,,エクストラ,2025-12-14T11:45:12.998+09:00,70,,https://files.cardrush.media/pokemon/ocha_products/14446.webp
792803627,65665,ゲンガーex,,☆,048/082,超,P1,その他,エクストラ,130000,False,,エクストラ,2025-12-14T11:45:12.998+09:00,10,,https://files.cardrush.media/pokemon/ocha_products/65665.webp
792803905,40100,ルカリオVSTAR,HR仕様/当選通知書付き,P,305/S-P,闘,,F,スタンダード,130000,False,,スタンダード,2025-12-14T11:45:12.998+09:00,239,,https://files.cardrush.media/pokemon/ocha_products/40100.webp
792803920,7873,カードトレーナー認定証,,-,旧裏,グッズ,その他,P,エクストラ,130000,False,,エクストラ,2025-12-14T11:45:12.998+09:00,30,,https://files.cardrush.media/pokemon/ocha_products/7873.webp
795519084,5056,MリザードンEX,Y,UR,088/080,炎,その他,状態減額大,エクストラ,130000,False,,エクストラ,2025-12-14T11:45:12.998+09:00,260,,https://files.cardrush.media/pokemon/ocha_products/5056.webp
792799327,610,こわいおねえさん,,SR,184/171,サポート,XY,状態減額大,エクストラ,120000,False,,エクストラ,2025-12-14T11:45:12.998+09:00,200,ハイクラスパック「THE BEST OF XY」,https://files.cardrush.media/pokemon/ocha_products/610.webp
792802378,18913,レシラム,,SR,022/020,炎,SC,状態減額大,エクストラ,120000,False,,エクストラ,2025-12-14T11:45:12.998+09:00,200,スターターセットVMAX,https://files.cardrush.media/pokemon/ocha_products/18913.webp
792802551,3709,ゲンガー,グレート,R,015/040,超,その他,HOF,エクストラ,120000,False,,エクストラ,2025-12-14T11:45:12.998+09:00,140,,https://files.cardrush.media/pokemon/ocha_products/3709.webp
792802636,69428,リザードン,バトルロードスプリング,P,002/PCG-P,炎,-,-,エクストラ,120000,False,,エクストラ,2025-12-14T11:45:12.998+09:00,70,,https://files.cardrush.media/pokemon/ocha_products/69428.webp
792802837,194,イースターのピカチュウ,,P,055/SM-P,雷,その他,PIKA,エクストラ,120000,False,,エクストラ,2025-12-14T11:45:12.998+09:00,70,,https://files.cardrush.media/pokemon/ocha_products/194.webp
792802916,1388,ボスごっこピカチュウ アクア団,,P,192/SM-P,雷,その他,PIKA,エクストラ,120000,False,,エクストラ,2025-12-14T11:45:12.998+09:00,70,,https://files.cardrush.media/pokemon/ocha_products/1388.webp
792802918,1389,ボスごっこピカチュウ ギンガ団,,P,194/SM-P,雷,その他,PIKA,エクストラ,120000,False,,エクストラ,2025-12-14T11:45:12.998+09:00,70,,https://files.cardrush.media/pokemon/ocha_products/1389.webp
792802922,1391,ボスごっこピカチュウ プラズマ団,,P,195/SM-P,雷,その他,PIKA,エクストラ,120000,False,,エクストラ,2025-12-14T11:45:12.998+09:00,70,,https://files.cardrush.media/pokemon/ocha_products/1391.webp
792802924,1392,ボスごっこピカチュウ フレア団,,P,196/SM-P,雷,その他,PIKA,エクストラ,120000,False,,エクストラ,2025-12-14T11:45:12.998+09:00,70,,https://files.cardrush.media/pokemon/ocha_products/1392.webp
792802926,1393,ボスごっこピカチュウ マグマ団,,P,193/SM-P,雷,その他,PIKA,エクストラ,120000,False,,エクストラ,2025-12-14T11:45:12.998+09:00,70,,https://files.cardrush.media/pokemon/ocha_products/1393.webp
792802928,1394,ボスごっこピカチュウ ロケット団,,P,191/SM-P,雷,その他,PIKA,エクストラ,120000,False,,エクストラ,2025-12-14T11:45:12.998+09:00,70,,https://files.cardrush.media/pokemon/ocha_products/1394.webp
792802934,1182,火消し姿のピカチュウ,,P,209/SM-P,雷,その他,PIKA,エクストラ,120000,False,,エクストラ,2025-12-14T11:45:12.998+09:00,70,,https://files.cardrush.media/pokemon/ocha_products/1182.webp
792803050,21890,ピカチュウ,,P,227/S-P,雷,その他,PIKA,エクストラ,120000,False,,エクストラ,2025-12-14T11:45:12.998+09:00,70,,https://files.cardrush.media/pokemon/ocha_products/21890.webp
792803163,1416,ポンチョを着たイーブイ,SW,P,137/SM-P,無,その他,A,エクストラ,120000,False,,エクストラ,2025-12-14T11:45:12.998+09:00,70,,https://files.cardrush.media/pokemon/ocha_products/1416.webp
792803167,1412,ポンチョを着たイーブイ,BK,P,141/SM-P,無,その他,A,エクストラ,120000,False,,エクストラ,2025-12-14T11:45:12.998+09:00,70,,https://files.cardrush.media/pokemon/ocha_products/1412.webp
792803174,14448,ポンチョを着たイーブイ,EF/未開封,P,140/SM-P,無,その他,A,エクストラ,120000,False,,エクストラ,2025-12-14T11:45:12.998+09:00,70,,https://files.cardrush.media/pokemon/ocha_products/14448.webp
792803176,14450,ポンチョを着たイーブイ,LF/未開封,P,142/SM-P,無,その他,A,エクストラ,120000,False,,エクストラ,2025-12-14T11:45:12.998+09:00,70,,https://files.cardrush.media/pokemon/ocha_products/14450.webp
792803177,14451,ポンチョを着たイーブイ,GC/未開封,P,143/SM-P,無,その他,A,エクストラ,120000,False,,エクストラ,2025-12-14T11:45:12.998+09:00,70,,https://files.cardrush.media/pokemon/ocha_products/14451.webp
